timestamp,balance,open_pnl,position_count,sentiment,realized_pnl
2025-11-21 03:54:18.769693,4708.36086341,23.0133944,5,0.0833333333333333,0.0
2025-11-21 03:54:18.769693,4708.36086341,23.0133944,5,0.0833333333333333,0.0
2025-11-21 03:54:42.268163,4708.36086341,22.62737,5,0.0833333333333333,0.0
2025-11-21 03:54:42.268163,4708.36086341,22.62737,5,0.0833333333333333,0.0
2025-11-21 03:55:09.134499,4708.36086341,18.72159,5,0.0833333333333333,0.0
2025-11-21 03:55:09.134499,4708.36086341,18.72159,5,0.0833333333333333,0.0
2025-11-21 03:55:32.357538,4708.36086341,20.55956593,5,0.0833333333333333,0.0
2025-11-21 03:55:32.357538,4708.36086341,20.55956593,5,0.0833333333333333,0.0
2025-11-21 03:55:55.257975,4708.36086341,16.70578993,5,0.0833333333333333,0.0
2025-11-21 03:55:55.257975,4708.36086341,16.70578993,5,0.0833333333333333,0.0
2025-11-21 03:56:17.773871,4708.36086341,19.75945309,5,0.1111111111111111,0.0
2025-11-21 03:56:17.773871,4708.36086341,19.75945309,5,0.1111111111111111,0.0
2025-11-21 03:56:40.728084,4708.36086341,24.06561778,5,0.1388888888888889,0.0
2025-11-21 03:56:40.728084,4708.36086341,24.06561778,5,0.1388888888888889,0.0
2025-11-21 03:57:03.645647,4708.36086341,24.59939364,5,0.1388888888888889,0.0
2025-11-21 03:57:03.645647,4708.36086341,24.59939364,5,0.1388888888888889,0.0
2025-11-21 03:57:26.161917,4708.36086341,23.0117,5,0.1388888888888889,0.0
2025-11-21 03:57:26.161917,4708.36086341,23.0117,5,0.1388888888888889,0.0
2025-11-21 03:57:49.520460,4708.36086341,23.43269,5,0.1388888888888889,0.0
2025-11-21 03:57:49.520460,4708.36086341,23.43269,5,0.1388888888888889,0.0
2025-11-21 03:58:12.401081,4708.36086341,22.1198758,5,0.1388888888888889,0.0
2025-11-21 03:58:12.401081,4708.36086341,22.1198758,5,0.1388888888888889,0.0
2025-11-21 03:58:35.120965,4708.36086341,18.6361654,5,0.1388888888888889,0.0
2025-11-21 03:58:35.120965,4708.36086341,18.6361654,5,0.1388888888888889,0.0
2025-11-21 03:58:57.450591,4708.36086341,19.96658215,5,0.1388888888888889,0.0
2025-11-21 03:58:57.450591,4708.36086341,19.96658215,5,0.1388888888888889,0.0
2025-11-21 03:59:20.153113,4708.36086341,19.16692688,5,0.1388888888888889,0.0
2025-11-21 03:59:20.153113,4708.36086341,19.16692688,5,0.1388888888888889,0.0
2025-11-21 03:59:42.692125,4708.36086341,19.857601430000003,5,0.1388888888888889,0.0
2025-11-21 03:59:42.692125,4708.36086341,19.857601430000003,5,0.1388888888888889,0.0
2025-11-21 04:00:06.249011,4708.36086341,21.05240548,5,0.1388888888888889,0.0
2025-11-21 04:00:06.249011,4708.36086341,21.05240548,5,0.1388888888888889,0.0
2025-11-21 04:00:35.886839,4708.36086341,18.61765,5,0.5,0.0
2025-11-21 04:00:35.886839,4708.36086341,18.61765,5,0.5,0.0
2025-11-21 04:00:58.575386,4708.36086341,18.79103,5,0.5,0.0
2025-11-21 04:00:58.575386,4708.36086341,18.79103,5,0.5,0.0
2025-11-21 04:01:45.256457,4708.36086341,19.33133327,5,0.5,0.0
2025-11-21 04:01:45.256457,4708.36086341,19.33133327,5,0.5,0.0
2025-11-21 04:02:24.878123,4708.36086341,18.61087315,5,0.0666666666666666,0.0
2025-11-21 04:02:24.878123,4708.36086341,18.61087315,5,0.0666666666666666,0.0
2025-11-21 04:02:47.788682,4708.36086341,20.93498169,5,0.0666666666666666,0.0
2025-11-21 04:02:47.788682,4708.36086341,20.93498169,5,0.0666666666666666,0.0
2025-11-21 04:03:10.110358,4708.36086341,22.5848109,5,0.0666666666666666,0.0
2025-11-21 04:03:10.110358,4708.36086341,22.5848109,5,0.0666666666666666,0.0
2025-11-21 04:04:00.315332,4708.36086341,15.96818434,5,0.1111111111111111,0.0
2025-11-21 04:04:00.315332,4708.36086341,15.96818434,5,0.1111111111111111,0.0
2025-11-21 04:04:24.807205,4708.36086341,17.372938780000002,5,0.1111111111111111,0.0
2025-11-21 04:04:24.807205,4708.36086341,17.372938780000002,5,0.1111111111111111,0.0
2025-11-21 04:04:47.651705,4708.36086341,16.42320186,5,0.1111111111111111,0.0
2025-11-21 04:04:47.651705,4708.36086341,16.42320186,5,0.1111111111111111,0.0
2025-11-21 04:05:10.214206,4708.36086341,15.26243753,5,0.1111111111111111,0.0
2025-11-21 04:05:10.214206,4708.36086341,15.26243753,5,0.1111111111111111,0.0
2025-11-21 04:05:32.489154,4708.36086341,11.73954102,5,0.1111111111111111,0.0
2025-11-21 04:05:32.489154,4708.36086341,11.73954102,5,0.1111111111111111,0.0
2025-11-21 04:05:59.177251,4708.36086341,12.13761651,5,0.1111111111111111,0.0
2025-11-21 04:05:59.177251,4708.36086341,12.13761651,5,0.1111111111111111,0.0
2025-11-21 04:06:23.057014,4708.36086341,23.13621418,5,0.1111111111111111,0.0
2025-11-21 04:06:23.057014,4708.36086341,23.13621418,5,0.1111111111111111,0.0
2025-11-21 04:06:45.734888,4708.36086341,22.19923647,5,0.1111111111111111,0.0
2025-11-21 04:06:45.734888,4708.36086341,22.19923647,5,0.1111111111111111,0.0
2025-11-21 04:07:08.620012,4708.36086341,20.55114,5,0.0833333333333333,0.0
2025-11-21 04:07:08.620012,4708.36086341,20.55114,5,0.0833333333333333,0.0
2025-11-21 04:07:31.655014,4708.36086341,18.26641,5,0.0833333333333333,0.0
2025-11-21 04:07:31.655014,4708.36086341,18.26641,5,0.0833333333333333,0.0
2025-11-21 04:07:54.447747,4708.36086341,20.28976015,5,0.0833333333333333,0.0
2025-11-21 04:07:54.447747,4708.36086341,20.28976015,5,0.0833333333333333,0.0
2025-11-21 04:08:17.448489,4708.36086341,22.578711180000003,5,0.0833333333333333,0.0
2025-11-21 04:08:17.448489,4708.36086341,22.578711180000003,5,0.0833333333333333,0.0
2025-11-21 04:08:40.238729,4708.36086341,23.84263746,5,0.0833333333333333,0.0
2025-11-21 04:08:40.238729,4708.36086341,23.84263746,5,0.0833333333333333,0.0
2025-11-21 04:09:21.266375,4708.36086341,23.66220252,5,0.0833333333333333,0.0
2025-11-21 04:09:21.266375,4708.36086341,23.66220252,5,0.0833333333333333,0.0
2025-11-21 04:09:44.046973,4708.36086341,23.01402275,5,0.0833333333333333,0.0
2025-11-21 04:09:44.046973,4708.36086341,23.01402275,5,0.0833333333333333,0.0
2025-11-21 04:10:08.397482,4708.36086341,23.52396542,5,0.0833333333333333,0.0
2025-11-21 04:10:08.397482,4708.36086341,23.52396542,5,0.0833333333333333,0.0
2025-11-21 04:10:31.204652,4708.36086341,19.79838732,5,0.0833333333333333,0.0
2025-11-21 04:10:31.204652,4708.36086341,19.79838732,5,0.0833333333333333,0.0
2025-11-21 04:10:56.180304,4708.36086341,22.230084100000003,5,0.0833333333333333,0.0
2025-11-21 04:10:56.180304,4708.36086341,22.230084100000003,5,0.0833333333333333,0.0
2025-11-21 04:11:19.130182,4708.36086341,23.27118342,5,0.0833333333333333,0.0
2025-11-21 04:11:19.130182,4708.36086341,23.27118342,5,0.0833333333333333,0.0
2025-11-21 04:11:41.800949,4708.36086341,23.0438102,5,0.0833333333333333,0.0
2025-11-21 04:11:41.800949,4708.36086341,23.0438102,5,0.0833333333333333,0.0
2025-11-21 04:12:04.669185,4708.36086341,22.47573,5,0.0833333333333333,0.0
2025-11-21 04:12:04.669185,4708.36086341,22.47573,5,0.0833333333333333,0.0
2025-11-21 04:12:27.282838,4708.36086341,23.01743429,5,0.0833333333333333,0.0
2025-11-21 04:12:27.282838,4708.36086341,23.01743429,5,0.0833333333333333,0.0
2025-11-21 04:12:50.554035,4708.36086341,21.43909925,5,0.0833333333333333,0.0
2025-11-21 04:12:50.554035,4708.36086341,21.43909925,5,0.0833333333333333,0.0
2025-11-21 04:13:13.292883,4708.36086341,21.30996846,5,0.0833333333333333,0.0
2025-11-21 04:13:13.292883,4708.36086341,21.30996846,5,0.0833333333333333,0.0
2025-11-21 04:13:38.185484,4708.36086341,19.28312725,5,0.0833333333333333,0.0
2025-11-21 04:13:38.185484,4708.36086341,19.28312725,5,0.0833333333333333,0.0
2025-11-21 04:14:01.049232,4708.36086341,21.139636820000003,5,0.0833333333333333,0.0
2025-11-21 04:14:01.049232,4708.36086341,21.139636820000003,5,0.0833333333333333,0.0
2025-11-21 04:14:23.438321,4708.36086341,21.342771990000003,5,0.0833333333333333,0.0
2025-11-21 04:14:23.438321,4708.36086341,21.342771990000003,5,0.0833333333333333,0.0
2025-11-21 04:14:46.228189,4708.36086341,22.95083115,5,0.0833333333333333,0.0
2025-11-21 04:14:46.228189,4708.36086341,22.95083115,5,0.0833333333333333,0.0
2025-11-21 04:15:09.266431,4708.36086341,21.86133192,5,0.0833333333333333,0.0
2025-11-21 04:15:09.266431,4708.36086341,21.86133192,5,0.0833333333333333,0.0
2025-11-21 04:15:33.832764,4708.36086341,21.218110000000003,5,0.0833333333333333,0.0
2025-11-21 04:15:33.832764,4708.36086341,21.218110000000003,5,0.0833333333333333,0.0
2025-11-21 04:15:57.020500,4708.36086341,21.17817397,5,0.0833333333333333,0.0
2025-11-21 04:15:57.020500,4708.36086341,21.17817397,5,0.0833333333333333,0.0
2025-11-21 04:16:19.722826,4708.36086341,23.83974184,5,0.0555555555555555,0.0
2025-11-21 04:16:19.722826,4708.36086341,23.83974184,5,0.0555555555555555,0.0
2025-11-21 04:16:42.491200,4708.36086341,28.91712971,5,0.0555555555555555,0.0
2025-11-21 04:16:42.491200,4708.36086341,28.91712971,5,0.0555555555555555,0.0
2025-11-21 04:17:05.182865,4708.36086341,26.64456895,5,0.0277777777777777,0.0
2025-11-21 04:17:05.182865,4708.36086341,26.64456895,5,0.0277777777777777,0.0
2025-11-21 04:17:28.235899,4708.36086341,27.01425,5,0.0277777777777777,0.0
2025-11-21 04:17:28.235899,4708.36086341,27.01425,5,0.0277777777777777,0.0
2025-11-21 04:17:51.153887,4708.36086341,26.672556810000003,5,0.0277777777777777,0.0
2025-11-21 04:17:51.153887,4708.36086341,26.672556810000003,5,0.0277777777777777,0.0
2025-11-21 04:18:49.494723,4708.36086341,34.23694415999999,5,0.0277777777777777,0.0
2025-11-21 04:18:49.494723,4708.36086341,34.23694415999999,5,0.0277777777777777,0.0
2025-11-21 04:20:22.007676,4708.36086341,30.17107065,5,0.0277777777777777,0.0
2025-11-21 04:20:22.007676,4708.36086341,30.17107065,5,0.0277777777777777,0.0
2025-11-21 04:21:35.503183,4708.36086341,34.51551,5,0.0277777777777777,0.0
2025-11-21 04:21:35.503183,4708.36086341,34.51551,5,0.0277777777777777,0.0
2025-11-21 04:22:40.766457,4708.36086341,34.109790000000004,5,0.0277777777777777,0.0
2025-11-21 04:22:40.766457,4708.36086341,34.109790000000004,5,0.0277777777777777,0.0
2025-11-21 04:23:21.497292,4708.36086341,36.33580327,5,0.0277777777777777,0.0
2025-11-21 04:23:21.497292,4708.36086341,36.33580327,5,0.0277777777777777,0.0
2025-11-21 04:24:41.627926,4708.36086341,42.7859187,6,0.0277777777777777,0.0
2025-11-21 04:24:41.627926,4708.36086341,42.7859187,6,0.0277777777777777,0.0
2025-11-21 04:25:52.470374,4692.80575085,39.68285184,7,0.0277777777777777,-15.555112560000453
2025-11-21 04:25:52.470374,4692.80575085,39.68285184,7,0.0277777777777777,-15.555112560000453
2025-11-21 04:26:18.471680,4692.80575085,36.89557036,7,0.0277777777777777,-15.555112560000453
2025-11-21 04:26:18.471680,4692.80575085,36.89557036,7,0.0277777777777777,-15.555112560000453
2025-11-21 04:27:05.297985,4692.80575085,38.79682656,8,0.0277777777777777,-15.555112560000453
2025-11-21 04:27:05.297985,4692.80575085,38.79682656,8,0.0277777777777777,-15.555112560000453
2025-11-21 04:27:28.430014,4692.76736749,40.92591643,8,0.0277777777777777,-15.59349592000035
2025-11-21 04:27:28.430014,4692.76736749,40.92591643,8,0.0277777777777777,-15.59349592000035
2025-11-21 04:27:50.742414,4692.76736749,40.90469805,8,0.0277777777777777,-15.59349592000035
2025-11-21 04:27:50.742414,4692.76736749,40.90469805,8,0.0277777777777777,-15.59349592000035
2025-11-21 04:28:13.278290,4692.76736749,38.50778195,8,0.0277777777777777,-15.59349592000035
2025-11-21 04:28:13.278290,4692.76736749,38.50778195,8,0.0277777777777777,-15.59349592000035
2025-11-21 04:28:35.900098,4692.76736749,37.13291778,8,0.0277777777777777,-15.59349592000035
2025-11-21 04:28:35.900098,4692.76736749,37.13291778,8,0.0277777777777777,-15.59349592000035
2025-11-21 04:29:00.242363,4692.76736749,44.0668322,9,0.0277777777777777,-15.59349592000035
2025-11-21 04:29:00.242363,4692.76736749,44.0668322,9,0.0277777777777777,-15.59349592000035
2025-11-21 04:29:23.310949,4692.76264829,43.93044009,9,0.0277777777777777,-15.598215120000532
2025-11-21 04:29:23.310949,4692.76264829,43.93044009,9,0.0277777777777777,-15.598215120000532
2025-11-21 04:29:46.043146,4692.76264829,44.32110208,9,0.0277777777777777,-15.598215120000532
2025-11-21 04:29:46.043146,4692.76264829,44.32110208,9,0.0277777777777777,-15.598215120000532
2025-11-21 04:30:08.673400,4692.76264829,49.312406200000005,9,0.0277777777777777,-15.598215120000532
2025-11-21 04:30:08.673400,4692.76264829,49.312406200000005,9,0.0277777777777777,-15.598215120000532
2025-11-21 04:30:32.020765,4692.76264829,45.106127,9,0.0277777777777777,-15.598215120000532
2025-11-21 04:30:32.020765,4692.76264829,45.106127,9,0.0277777777777777,-15.598215120000532
2025-11-21 04:30:54.744512,4692.76264829,52.68809756,10,0.0277777777777777,-15.598215120000532
2025-11-21 04:30:54.744512,4692.76264829,52.68809756,10,0.0277777777777777,-15.598215120000532
2025-11-21 04:31:17.722458,4692.74833829,51.08686637,10,0.0277777777777777,-15.6125251200001
2025-11-21 04:31:17.722458,4692.74833829,51.08686637,10,0.0277777777777777,-15.6125251200001
2025-11-21 04:31:40.849687,4692.74833829,54.35828,10,0.0277777777777777,-15.6125251200001
2025-11-21 04:31:40.849687,4692.74833829,54.35828,10,0.0277777777777777,-15.6125251200001
2025-11-21 04:32:03.858739,4692.74833829,58.74112934,10,0.0277777777777777,-15.6125251200001
2025-11-21 04:32:03.858739,4692.74833829,58.74112934,10,0.0277777777777777,-15.6125251200001
2025-11-21 04:32:28.662759,4692.74833829,72.04224778999999,9,0.0277777777777777,-15.6125251200001
2025-11-21 04:32:28.662759,4692.74833829,72.04224778999999,9,0.0277777777777777,-15.6125251200001
2025-11-21 04:32:53.549956,4692.49462909,76.41662067,9,0.0277777777777777,-15.86623432000033
2025-11-21 04:32:53.549956,4692.49462909,76.41662067,9,0.0277777777777777,-15.86623432000033
2025-11-21 04:33:16.172525,4691.81122641,99.36373412,9,0.0277777777777777,-16.549637000000075
2025-11-21 04:33:16.172525,4691.81122641,99.36373412,9,0.0277777777777777,-16.549637000000075
2025-11-21 04:33:39.003883,4689.97795421,70.0134857,9,0.0277777777777777,-18.38290920000054
2025-11-21 04:33:39.003883,4689.97795421,70.0134857,9,0.0277777777777777,-18.38290920000054
2025-11-21 04:34:02.664778,4681.2494329,97.13194574,10,0.0277777777777777,-27.11143050999999
2025-11-21 04:34:02.664778,4681.2494329,97.13194574,10,0.0277777777777777,-27.11143050999999
2025-11-21 04:34:26.147231,4680.26359637,175.30160002,10,0.0277777777777777,-28.09726703999968
2025-11-21 04:34:26.147231,4680.26359637,175.30160002,10,0.0277777777777777,-28.09726703999968
2025-11-21 04:34:51.286556,4812.5228514,238.44245875,9,0.0,104.16198798999994
2025-11-21 04:34:51.286556,4812.5228514,238.44245875,9,0.0,104.16198798999994
2025-11-21 04:35:15.152593,4807.36855331,231.87717509,10,0.0,99.0076898999996
2025-11-21 04:35:15.152593,4807.36855331,231.87717509,10,0.0,99.0076898999996
2025-11-21 04:35:40.308187,4803.50047262,148.86773936,8,0.0,95.13960921000034
2025-11-21 04:35:40.308187,4803.50047262,148.86773936,8,0.0,95.13960921000034
2025-11-21 04:36:03.616835,4814.74648532,164.98513429,7,0.0,106.38562190999984
2025-11-21 04:36:03.616835,4814.74648532,164.98513429,7,0.0,106.38562190999984
2025-11-21 04:36:26.725635,4810.07722974,108.81657409,7,0.0,101.7163663299998
2025-11-21 04:36:26.725635,4810.07722974,108.81657409,7,0.0,101.7163663299998
2025-11-21 04:36:51.209145,4854.82685645,99.04193394,7,0.0,146.46599304000028
2025-11-21 04:36:51.209145,4854.82685645,99.04193394,7,0.0,146.46599304000028
2025-11-21 04:37:17.038527,4907.92665043,116.57142408,7,0.0,199.56578702000024
2025-11-21 04:37:17.038527,4907.92665043,116.57142408,7,0.0,199.56578702000024
2025-11-21 04:37:40.143725,4905.74680123,113.91774191,8,0.0,197.38593781999955
2025-11-21 04:37:40.143725,4905.74680123,113.91774191,8,0.0,197.38593781999955
2025-11-21 04:38:03.097279,4905.73624575,165.32812631,8,0.0,197.3753823400002
2025-11-21 04:38:03.097279,4905.73624575,165.32812631,8,0.0,197.3753823400002
2025-11-21 04:38:26.030923,4905.73624575,166.01181635999998,8,0.0,197.3753823400002
2025-11-21 04:38:26.030923,4905.73624575,166.01181635999998,8,0.0,197.3753823400002
2025-11-21 04:38:48.869104,4905.73624575,132.19800517,8,0.0,197.3753823400002
2025-11-21 04:38:48.869104,4905.73624575,132.19800517,8,0.0,197.3753823400002
2025-11-21 04:39:12.114861,4905.73624575,150.1514213,8,0.0,197.3753823400002
2025-11-21 04:39:12.114861,4905.73624575,150.1514213,8,0.0,197.3753823400002
2025-11-21 04:39:35.052555,4905.73624575,170.90744672,8,0.0,197.3753823400002
2025-11-21 04:39:35.052555,4905.73624575,170.90744672,8,0.0,197.3753823400002
2025-11-21 04:39:58.578205,4905.73624575,159.79278591,8,0.0,197.3753823400002
2025-11-21 04:39:58.578205,4905.73624575,159.79278591,8,0.0,197.3753823400002
2025-11-21 04:40:21.193583,4905.73624575,165.69788538,8,0.0,197.3753823400002
2025-11-21 04:40:21.193583,4905.73624575,165.69788538,8,0.0,197.3753823400002
2025-11-21 04:40:44.279011,4905.73624575,187.20026818,8,0.0,197.3753823400002
2025-11-21 04:40:44.279011,4905.73624575,187.20026818,8,0.0,197.3753823400002
2025-11-21 04:41:07.509017,4905.73624575,196.9437141,8,0.0277777777777777,197.3753823400002
2025-11-21 04:41:07.509017,4905.73624575,196.9437141,8,0.0277777777777777,197.3753823400002
2025-11-21 04:41:31.055353,4905.73624575,196.2740827,9,0.0555555555555555,197.3753823400002
2025-11-21 04:41:31.055353,4905.73624575,196.2740827,9,0.0555555555555555,197.3753823400002
2025-11-21 04:41:54.154360,4905.71643563,190.79250457,9,0.0555555555555555,197.35557221999989
2025-11-21 04:41:54.154360,4905.71643563,190.79250457,9,0.0555555555555555,197.35557221999989
2025-11-21 04:42:16.946677,4905.71643563,198.82495726,9,0.1111111111111111,197.35557221999989
2025-11-21 04:42:16.946677,4905.71643563,198.82495726,9,0.1111111111111111,197.35557221999989
2025-11-21 04:42:39.584779,4905.71643563,189.85009752,9,0.1388888888888889,197.35557221999989
2025-11-21 04:42:39.584779,4905.71643563,189.85009752,9,0.1388888888888889,197.35557221999989
2025-11-21 04:43:02.190717,4905.71643563,183.95279057,9,0.1388888888888889,197.35557221999989
2025-11-21 04:43:02.190717,4905.71643563,183.95279057,9,0.1388888888888889,197.35557221999989
2025-11-21 04:43:24.735689,4905.71643563,173.66961387,9,0.1388888888888889,197.35557221999989
2025-11-21 04:43:24.735689,4905.71643563,173.66961387,9,0.1388888888888889,197.35557221999989
2025-11-21 04:43:48.085509,4905.71643563,208.10222038,9,0.1388888888888889,197.35557221999989
2025-11-21 04:43:48.085509,4905.71643563,208.10222038,9,0.1388888888888889,197.35557221999989
2025-11-21 04:44:10.613673,4905.71643563,209.97709199,9,0.1388888888888889,197.35557221999989
2025-11-21 04:44:10.613673,4905.71643563,209.97709199,9,0.1388888888888889,197.35557221999989
2025-11-21 04:44:34.684220,4905.71643563,212.78424941,9,0.1388888888888889,197.35557221999989
2025-11-21 04:44:34.684220,4905.71643563,212.78424941,9,0.1388888888888889,197.35557221999989
2025-11-21 04:45:18.559943,4905.71643563,213.44883973,10,0.1666666666666666,197.35557221999989
2025-11-21 04:45:18.559943,4905.71643563,213.44883973,10,0.1666666666666666,197.35557221999989
2025-11-21 04:45:41.513661,4905.69765443,196.37334229,10,0.1666666666666666,197.3367910199995
2025-11-21 04:45:41.513661,4905.69765443,196.37334229,10,0.1666666666666666,197.3367910199995
2025-11-21 04:46:04.854589,4905.69765443,188.13013092,10,0.1666666666666666,197.3367910199995
2025-11-21 04:46:04.854589,4905.69765443,188.13013092,10,0.1666666666666666,197.3367910199995
2025-11-21 04:46:27.725464,4905.69765443,185.16958303,10,0.2222222222222222,197.3367910199995
2025-11-21 04:46:27.725464,4905.69765443,185.16958303,10,0.2222222222222222,197.3367910199995
2025-11-21 04:46:52.906526,4905.69765443,193.66013316,10,0.2222222222222222,197.3367910199995
2025-11-21 04:46:52.906526,4905.69765443,193.66013316,10,0.2222222222222222,197.3367910199995
2025-11-21 04:47:17.284847,4905.69765443,184.37533723,10,0.25,197.3367910199995
2025-11-21 04:47:17.284847,4905.69765443,184.37533723,10,0.25,197.3367910199995
2025-11-21 04:47:42.524127,4905.69765443,166.17312196,10,0.25,197.3367910199995
2025-11-21 04:47:42.524127,4905.69765443,166.17312196,10,0.25,197.3367910199995
2025-11-21 04:48:04.694914,4905.69765443,179.35433487,10,0.25,197.3367910199995
2025-11-21 04:48:04.694914,4905.69765443,179.35433487,10,0.25,197.3367910199995
2025-11-21 04:48:27.677095,4905.69765443,167.31741722,10,0.25,197.3367910199995
2025-11-21 04:48:27.677095,4905.69765443,167.31741722,10,0.25,197.3367910199995
2025-11-21 04:48:50.498907,4905.69765443,146.92774713,10,0.25,197.3367910199995
2025-11-21 04:48:50.498907,4905.69765443,146.92774713,10,0.25,197.3367910199995
2025-11-21 04:49:15.925757,4905.69765443,155.79948131,10,0.25,197.3367910199995
2025-11-21 04:49:15.925757,4905.69765443,155.79948131,10,0.25,197.3367910199995
2025-11-21 04:49:38.871668,4905.69765443,140.16936486,10,0.1944444444444444,197.3367910199995
2025-11-21 04:49:38.871668,4905.69765443,140.16936486,10,0.1944444444444444,197.3367910199995
2025-11-21 04:50:03.890549,4905.69765443,151.05985677,10,0.1944444444444444,197.3367910199995
2025-11-21 04:50:03.890549,4905.69765443,151.05985677,10,0.1944444444444444,197.3367910199995
2025-11-22 03:08:52.551838,3948.40356431,110.81953208,9,0.2280701754385964,-127.8614112199998
2025-11-22 03:09:24.497742,3948.40356431,110.7408772,10,0.2280701754385964,-127.8614112199998
2025-11-22 03:09:53.168348,3946.92649716,87.17786429,10,0.2280701754385964,-129.33847836999985
2025-11-22 03:10:23.093037,3982.867901,99.67474834,10,0.2280701754385964,-93.39707452999984
2025-11-22 03:10:52.394315,3982.867901,88.85109495,10,0.2280701754385964,-93.39707452999984
2025-11-22 03:11:21.458276,3982.867901,65.43369534,8,0.2280701754385964,-93.39707452999984
2025-11-22 03:11:49.874422,3999.44922551,47.28950545,8,0.2105263157894736,-76.81575002
2025-11-22 03:12:22.249721,3999.44922551,5.428113260000001,8,0.2105263157894736,-76.81575002
2025-11-22 03:12:48.237736,3999.44922551,3.4205842000000004,8,0.2105263157894736,-76.81575002
2025-11-22 03:15:24.872150,3999.44922551,-38.12070687,8,0.2280701754385964,-76.81575002
2025-11-22 03:15:53.053108,3999.44922551,-17.94245337,8,0.2456140350877192,-76.81575002
2025-11-22 03:16:20.466554,3999.44922551,-50.79676797,7,0.2631578947368421,-76.81575002
2025-11-22 03:16:48.089629,3991.97232539,-81.56100808,7,0.2631578947368421,-84.29265013999975
2025-11-22 03:17:16.886761,3991.97232539,-79.30851701,8,0.2631578947368421,-84.29265013999975
2025-11-22T03:17:44.741014,3990.77635717,-74.14050823,7,0.2807017543859649,-85.48861835999969
2025-11-22T03:18:15.694462,3985.04139002,-94.25605284999999,9,0.2807017543859649,-91.2235855099998
2025-11-22T03:18:45.215818,3982.6503554,-78.6603645,10,0.2807017543859649,-93.61462012999982
2025-11-22T03:19:13.433463,3935.27060226,-64.03151455,10,0.2982456140350877,-140.99437326999987
2025-11-22T03:19:42.234439,3920.92118728,-62.90322954,11,0.2982456140350877,-155.34378824999976
2025-11-22T03:20:11.593342,3919.74612352,-33.439357890000004,12,0.2982456140350877,-156.51885201000005
2025-11-22T03:20:39.400720,3919.55065754,-23.894554,12,0.3333333333333333,-156.71431798999993
2025-11-22T03:21:06.271740,3919.55065754,-32.99149823,12,0.3508771929824561,-156.71431798999993
2025-11-22T03:21:40.036216,3919.55065754,-109.58336732,12,0.43859649122807015,-156.71431798999993
2025-11-22T03:22:09.040115,3919.55065754,-108.89713547,12,0.45614035087719296,-156.71431798999993
2025-11-22T03:22:39.280774,3919.55065754,-136.79948669,12,0.49122807017543857,-156.71431798999993
2025-11-22T03:23:06.173953,3919.55065754,-175.74775799,12,0.5789473684210527,-156.71431798999993
2025-11-22T03:23:33.662060,3919.55065754,-192.37017785,12,0.5789473684210527,-156.71431798999993
2025-11-22T03:24:00.924206,3919.55065754,-179.57371689,12,0.5964912280701754,-156.71431798999993
2025-11-22T03:24:28.833279,3919.55065754,-107.51892688,10,0.6140350877192983,-156.71431798999993
2025-11-22T03:25:02.945853,3865.87469259,-22.67396551,11,0.631578947368421,-210.3902829399999
2025-11-22T03:25:30.202528,3781.30246513,-36.3782465,11,0.7368421052631579,-294.9625103999997
2025-11-22T03:25:56.402379,3781.30246513,-38.4211865,11,0.7719298245614035,-294.9625103999997
2025-11-22T03:26:27.917698,3781.30246513,-36.24136623,11,0.8070175438596491,-294.9625103999997
2025-11-22T03:26:55.483470,3781.30246513,-80.81367872999999,11,0.8245614035087719,-294.9625103999997
2025-11-22T03:27:21.736278,3781.30246513,-98.50658292,11,0.8421052631578947,-294.9625103999997
2025-11-22T03:27:47.969326,3781.30246513,-87.27373846,11,0.8596491228070176,-294.9625103999997
2025-11-22T03:28:16.455088,3781.30246513,-82.75713118,10,0.8596491228070176,-294.9625103999997
2025-11-22T03:28:45.813701,3779.17724113,-62.84270867,10,0.8596491228070176,-297.08773440000004
2025-11-22T03:29:42.733175,3779.17724113,-42.93558937,10,0.8596491228070176,-297.08773440000004
2025-11-22T03:30:09.376980,3779.17724113,-53.45126236,10,0.8596491228070176,-297.08773440000004
2025-11-22T03:30:42.649226,3779.17724113,-69.64326694,10,0.8596491228070176,-297.08773440000004
2025-11-22T03:31:10.811393,3779.17724113,-52.53390764,10,0.8596491228070176,-297.08773440000004
2025-11-22T03:32:22.244729,3779.17724113,-77.0918143,10,0.8596491228070176,-297.08773440000004
2025-11-22T03:33:46.680566,3779.17724113,-81.84919338,10,0.8596491228070176,-297.08773440000004
2025-11-22T03:34:28.956978,3779.17724113,-106.02518666,10,0.8596491228070176,-297.08773440000004
2025-11-22T03:35:11.113854,3779.17724113,-167.6021066,10,0.8596491228070176,-297.08773440000004
2025-11-22T03:36:47.321656,3779.17724113,-152.99700017,10,0.8596491228070176,-297.08773440000004
2025-11-22T03:38:51.567200,3779.17724113,-149.8136404,10,0.5,-297.08773440000004
2025-11-22T03:39:45.309154,3779.17724113,-140.98267192,10,0.9642857142857143,-297.08773440000004
2025-11-22T03:40:14.451624,3779.17724113,-129.55858693,10,0.9629629629629629,-297.08773440000004
2025-11-22T03:40:30.151756,3779.17724113,-130.33313642,10,0.9629629629629629,-297.08773440000004
2025-11-22T03:41:01.719119,3779.17724113,-110.94450701,10,0.9629629629629629,-297.08773440000004
2025-11-22T03:41:17.601354,3779.17724113,-108.87979142,10,0.9629629629629629,-297.08773440000004
2025-11-22T03:41:33.238190,3779.17724113,-100.57389465,10,0.9629629629629629,-297.08773440000004
2025-11-22T03:41:48.920254,3779.17724113,-94.2987102,10,0.9629629629629629,-297.08773440000004
2025-11-22T03:42:50.685872,3779.17724113,-104.46463257,10,0.9642857142857143,-297.08773440000004
2025-11-22T03:43:17.432058,3779.17724113,-115.19766397,10,0.9636363636363636,-297.08773440000004
2025-11-22T03:43:43.503717,3779.17724113,-111.18992243000001,10,0.9636363636363636,-297.08773440000004
2025-11-22T03:44:09.265578,3779.17724113,-99.89736757,10,0.9636363636363636,-297.08773440000004
2025-11-22T03:44:35.471687,3779.17724113,-113.20918386,10,0.9636363636363636,-297.08773440000004
2025-11-22T03:45:01.458268,3779.17724113,-121.58026907,10,0.9636363636363636,-297.08773440000004
2025-11-22T03:45:29.055988,3779.17724113,-118.16571354,10,0.9636363636363636,-297.08773440000004
2025-11-22T03:45:55.263135,3779.17724113,-118.11210693000001,10,0.9636363636363636,-297.08773440000004
2025-11-22T03:46:52.634035,3779.17724113,-116.28537167,10,0.9636363636363636,-297.08773440000004
2025-11-22T03:47:18.355252,3779.17724113,-117.50253481,10,0.9636363636363636,-297.08773440000004
2025-11-22T03:47:54.398750,3779.17724113,-148.20484077999998,10,0.9636363636363636,-297.08773440000004
2025-11-22T03:48:53.396975,3779.17724113,-155.96622075,10,0.9629629629629629,-297.08773440000004
2025-11-22T03:49:59.552114,3585.37962521,0,0,0.9629629629629629,-490.8853503199998
2025-11-22T03:50:32.848666,3585.37962521,0,0,0.9622641509433962,-490.8853503199998
2025-11-22T03:50:57.917797,3585.37962521,0,0,0.9622641509433962,-490.8853503199998
2025-11-22T03:51:24.931556,3585.37962521,0,0,0.9622641509433962,-490.8853503199998
2025-11-22T03:51:49.696195,3585.37962521,0,0,0.9622641509433962,-490.8853503199998
2025-11-22T03:52:15.308677,3585.37962521,0,0,0.9811320754716981,-490.8853503199998
2025-11-22T03:52:40.687277,3585.37962521,0,0,0.9811320754716981,-490.8853503199998
2025-11-22T03:53:30.752062,3585.37962521,0,0,0.9811320754716981,-490.8853503199998
2025-11-22T03:53:58.680399,3585.37962521,0,0,0.9622641509433962,-490.8853503199998
2025-11-22T03:54:26.174531,3585.37962521,0,0,0.9622641509433962,-490.8853503199998
2025-11-22T03:54:52.124583,3585.37962521,0,0,0.9622641509433962,-490.8853503199998
2025-11-22T03:55:17.469589,3585.37962521,0,0,0.9622641509433962,-490.8853503199998
2025-11-22T03:55:43.265301,3585.37962521,0,0,0.9622641509433962,-490.8853503199998
2025-11-22T03:56:09.024609,3585.37962521,0,0,0.9811320754716981,-490.8853503199998
2025-11-22T03:56:36.250820,3585.37962521,0,0,0.9811320754716981,-490.8853503199998
2025-11-22T03:57:37.475371,3585.37962521,0,0,0.9811320754716981,-490.8853503199998
2025-11-22T03:58:02.940663,3585.37962521,0,0,0.9811320754716981,-490.8853503199998
2025-11-22T03:58:28.686535,3585.37962521,0,0,0.9811320754716981,-490.8853503199998
2025-11-22T03:58:54.361417,3585.37962521,0,0,0.9811320754716981,-490.8853503199998
2025-11-22T03:59:20.617984,3585.37962521,0,0,0.9811320754716981,-490.8853503199998
2025-11-22T03:59:47.234139,3585.37962521,0,0,0.9811320754716981,-490.8853503199998
2025-11-22T04:00:14.445931,3585.37962521,0,0,0.9811320754716981,-490.8853503199998
2025-11-22T04:00:39.918316,3585.37962521,0,0,0.9811320754716981,-490.8853503199998
2025-11-22T04:01:05.307738,3585.37962521,0,0,0.9811320754716981,-490.8853503199998
2025-11-22T04:01:32.590167,3585.37962521,0,0,0.9811320754716981,-490.8853503199998
2025-11-22T04:01:58.136551,3585.37962521,0,0,0.9811320754716981,-490.8853503199998
2025-11-22T04:02:26.124699,3585.37962521,0,0,0.9811320754716981,-490.8853503199998
2025-11-22T04:02:53.405767,3585.37962521,0,0,0.9811320754716981,-490.8853503199998
2025-11-22T04:03:18.893433,3585.37962521,0,0,0.9811320754716981,-490.8853503199998
2025-11-22T04:03:44.227467,3585.37962521,0,0,0.9622641509433962,-490.8853503199998
2025-11-22T04:04:09.854249,3585.37962521,0,0,0.9622641509433962,-490.8853503199998
2025-11-22T04:05:01.943200,3585.37962521,0,0,0.9622641509433962,-490.8853503199998
2025-11-22T04:05:27.213959,3585.37962521,0,0,0.9622641509433962,-490.8853503199998
2025-11-22T04:05:52.972182,3585.37962521,0,0,0.9622641509433962,-490.8853503199998
2025-11-22T04:06:17.910721,3585.37962521,0,0,0.9622641509433962,-490.8853503199998
2025-11-22T04:06:42.792404,3585.37962521,0,0,0.9622641509433962,-490.8853503199998
2025-11-22T04:07:07.640468,3585.37962521,0,0,0.9622641509433962,-490.8853503199998
2025-11-22T04:07:35.726047,3585.37962521,0,0,0.9622641509433962,-490.8853503199998
2025-11-22T04:08:00.678416,3585.37962521,0,0,0.9622641509433962,-490.8853503199998
2025-11-22T04:08:25.754095,3585.37962521,0,0,0.9622641509433962,-490.8853503199998
2025-11-22T04:08:50.809623,3585.37962521,0,0,0.9622641509433962,-490.8853503199998
2025-11-22T04:09:16.150067,3585.37962521,0,0,0.9622641509433962,-490.8853503199998
2025-11-22T04:09:42.383046,3585.37962521,0,0,0.9622641509433962,-490.8853503199998
2025-11-22T04:10:40.864030,3585.37962521,0,0,0.9622641509433962,-490.8853503199998
2025-11-22T04:11:04.296116,3585.37962521,0,0,0.9622641509433962,-490.8853503199998
2025-11-22T04:11:27.533958,3585.37962521,0,0,0.9622641509433962,-490.8853503199998
2025-11-22T04:11:52.318716,3585.37962521,0,0,0.9622641509433962,-490.8853503199998
2025-11-22T04:12:45.141413,3585.37962521,0.0,1,0.9622641509433962,-490.8853503199998
2025-11-22T04:13:08.271221,3584.30454017,0.41124429,1,0.9622641509433962,-491.9604353599998
2025-11-22T04:13:31.649746,3584.30454017,1.3479,1,0.9433962264150944,-491.9604353599998
2025-11-22T04:13:55.026207,3584.30454017,1.3479,1,0.9433962264150944,-491.9604353599998
2025-11-22T04:14:18.694585,3584.30454017,-0.12104142,1,0.9433962264150944,-491.9604353599998
2025-11-22T04:14:44.086125,3584.30454017,-0.69133791,1,0.9433962264150944,-491.9604353599998
2025-11-22T04:15:07.640609,3584.30454017,0.0,1,0.9433962264150944,-491.9604353599998
2025-11-22T04:15:31.292998,3584.30454017,2.6958,1,0.9433962264150944,-491.9604353599998
2025-11-22T04:15:54.846180,3584.30454017,0.99758079,1,0.9433962264150944,-491.9604353599998
2025-11-22T04:16:22.333035,3584.30454017,1.97844762,1,0.9433962264150944,-491.9604353599998
2025-11-22T04:16:48.324224,3584.30454017,1.42850442,1,0.9245283018867925,-491.9604353599998
2025-11-22T04:17:13.959958,3584.30454017,3.32621283,1,0.9245283018867925,-491.9604353599998
2025-11-22T04:17:37.845393,3584.30454017,-5.3916,1,0.9245283018867925,-491.9604353599998
2025-11-22T04:18:03.249900,3584.30454017,-0.72638331,1,0.9245283018867925,-491.9604353599998
2025-11-22T04:18:26.992961,3584.30454017,-4.0437,1,0.9245283018867925,-491.9604353599998
2025-11-22T04:18:50.962380,3584.30454017,-4.83127797,1,0.9245283018867925,-491.9604353599998
2025-11-22T04:19:26.007517,3584.30454017,-5.3916,1,0.9245283018867925,-491.9604353599998
2025-11-22T04:19:49.326720,3584.30454017,-6.64393389,1,0.9038461538461539,-491.9604353599998
2025-11-22T04:20:12.758557,3584.30454017,-2.6958,1,0.9038461538461539,-491.9604353599998
2025-11-22T04:20:37.551381,3584.30454017,-1.3479,1,0.8846153846153846,-491.9604353599998
2025-11-22T04:21:02.262057,3584.30454017,1.3479,1,0.8846153846153846,-491.9604353599998
2025-11-22T04:21:27.635655,3584.30454017,11.61795447,1,0.8846153846153846,-491.9604353599998
2025-11-22T04:21:52.971487,3584.30454017,13.47980874,1,0.8846153846153846,-491.9604353599998
2025-11-22T04:22:16.445476,3584.30454017,11.77673709,1,0.9038461538461539,-491.9604353599998
2025-11-22T04:22:39.858010,3584.30454017,6.7395,1,0.9038461538461539,-491.9604353599998
2025-11-22T04:23:03.190712,3584.30454017,8.0874,1,0.9038461538461539,-491.9604353599998
2025-11-22T04:23:26.426649,3584.30454017,8.31883443,1,0.9038461538461539,-491.9604353599998
2025-11-22T04:23:49.874507,3584.30454017,10.7832,1,0.9038461538461539,-491.9604353599998
2025-11-22T04:24:12.901907,3584.30454017,9.63654147,1,0.9038461538461539,-491.9604353599998
2025-11-22T04:24:36.020479,3584.30454017,7.93185234,1,0.9038461538461539,-491.9604353599998
2025-11-22T04:24:59.264705,3584.30454017,4.8618753,1,0.9038461538461539,-491.9604353599998
2025-11-22T04:25:22.287278,3584.30454017,4.0437,1,0.9038461538461539,-491.9604353599998
2025-11-22T04:25:45.559511,3584.30454017,0.66343638,1,0.9038461538461539,-491.9604353599998
2025-11-22T04:26:08.717265,3584.30454017,-1.3479,1,0.8846153846153846,-491.9604353599998
2025-11-22T04:26:33.229550,3584.30454017,0.0,1,0.8846153846153846,-491.9604353599998
2025-11-22T04:27:08.339917,3584.30454017,-2.33442801,1,0.8846153846153846,-491.9604353599998
2025-11-22T04:28:07.565219,3584.30454017,4.0437,2,0.8928571428571429,-491.9604353599998
2025-11-22T04:28:31.873576,3583.25761438,4.67356283,2,0.8928571428571429,-493.0073611499997
2025-11-22T04:28:55.535695,3583.25761438,2.82675829,2,0.8928571428571429,-493.0073611499997
2025-11-22T04:29:19.561273,3583.25761438,2.1105306,2,0.8928571428571429,-493.0073611499997
2025-11-22T04:29:43.373363,3583.25761438,3.0399000000000003,2,0.8928571428571429,-493.0073611499997
2025-11-22T04:30:07.077654,3583.25761438,3.0864000000000003,2,0.8928571428571429,-493.0073611499997
2025-11-22T04:30:30.868376,3583.25761438,5.4635,2,0.875,-493.0073611499997
2025-11-22T04:30:54.595023,3583.25761438,7.6949000000000005,2,0.875,-493.0073611499997
2025-11-22T04:31:22.302518,3583.25761438,11.955603020000002,2,0.875,-493.0073611499997
2025-11-22T04:31:46.327896,3583.25761438,14.961747840000001,2,0.875,-493.0073611499997
2025-11-22T04:32:10.193513,3583.25761438,13.83424925,2,0.8928571428571429,-493.0073611499997
2025-11-22T04:32:37.306727,3583.25761438,12.00318556,2,0.8928571428571429,-493.0073611499997
2025-11-22T04:33:00.966644,3583.25761438,12.04163791,2,0.8928571428571429,-493.0073611499997
2025-11-22T04:33:24.744467,3583.25761438,13.282771550000001,2,0.8928571428571429,-493.0073611499997
2025-11-22T04:33:48.812984,3583.25761438,17.25291396,2,0.8928571428571429,-493.0073611499997
2025-11-22T04:34:12.625232,3583.25761438,15.52406572,2,0.8928571428571429,-493.0073611499997
2025-11-22T04:34:38.642315,3583.25761438,15.62999755,2,0.8928571428571429,-493.0073611499997
2025-11-22T04:35:04.682854,3583.25761438,12.41997822,2,0.8928571428571429,-493.0073611499997
2025-11-22T04:35:30.794909,3583.25761438,7.81910139,2,0.8928571428571429,-493.0073611499997
2025-11-22T04:36:00.858757,3583.25761438,3.2780000000000005,2,0.875,-493.0073611499997
2025-11-22T04:36:10.804224,3583.25761438,1.9456000000000002,2,0.875,-493.0073611499997
2025-11-22T04:36:22.397905,3583.25761438,4.149100000000001,2,0.8571428571428571,-493.0073611499997
2025-11-22T04:36:32.161420,3583.25761438,2.91217603,2,0.8571428571428571,-493.0073611499997
2025-11-22T04:36:41.493559,3583.25761438,3.0839624700000003,2,0.8571428571428571,-493.0073611499997
2025-11-22T04:36:51.208346,3583.25761438,2.68203174,2,0.8571428571428571,-493.0073611499997
2025-11-22T04:37:01.454912,3583.25761438,1.70823597,2,0.875,-493.0073611499997
2025-11-22T04:37:10.751298,3583.25761438,2.4038000000000004,2,0.875,-493.0073611499997
2025-11-22T04:37:20.290298,3583.25761438,3.4584982600000003,2,0.875,-493.0073611499997
2025-11-22T04:37:29.586750,3583.25761438,3.1135811899999997,2,0.875,-493.0073611499997
2025-11-22T04:37:38.863849,3583.25761438,4.4926,2,0.875,-493.0073611499997
2025-11-22T04:37:48.222014,3583.25761438,8.7719,2,0.875,-493.0073611499997
2025-11-22T04:37:57.608733,3583.25761438,9.647753349999999,2,0.875,-493.0073611499997
2025-11-22T04:38:06.856230,3583.25761438,13.0012869,2,0.875,-493.0073611499997
2025-11-22T04:38:16.040658,3583.25761438,13.27355675,2,0.875,-493.0073611499997
2025-11-22T04:38:25.398228,3583.25761438,12.003521300000001,2,0.875,-493.0073611499997
2025-11-22T04:38:34.476046,3583.25761438,12.869890269999999,2,0.875,-493.0073611499997
2025-11-22T04:38:43.194499,3583.25761438,11.67666356,2,0.875,-493.0073611499997
2025-11-22T04:38:52.425351,3583.25761438,11.62041714,2,0.875,-493.0073611499997
2025-11-22T04:39:02.403732,3583.25761438,14.11838591,2,0.875,-493.0073611499997
2025-11-22T04:39:12.268721,3583.25761438,14.639095540000001,2,0.875,-493.0073611499997
2025-11-22T04:39:22.292003,3583.25761438,16.6026775,2,0.875,-493.0073611499997
2025-11-22T04:39:31.759356,3583.25761438,22.4418,2,0.875,-493.0073611499997
2025-11-22T04:39:41.236313,3583.25761438,21.869964,2,0.875,-493.0073611499997
2025-11-22T04:39:50.818355,3583.25761438,20.484618689999998,2,0.875,-493.0073611499997
2025-11-22T04:40:00.263652,3583.25761438,20.85090729,2,0.8928571428571429,-493.0073611499997
2025-11-22T04:40:31.417248,3583.25761438,18.657927139999998,2,0.8928571428571429,-493.0073611499997
2025-11-22T04:40:41.033240,3583.25761438,19.02315587,2,0.9107142857142857,-493.0073611499997
2025-11-22T04:40:50.868647,3583.25761438,19.085035740000002,2,0.9107142857142857,-493.0073611499997
2025-11-22T04:41:00.940193,3583.25761438,20.71321494,2,0.9107142857142857,-493.0073611499997
2025-11-22T04:41:10.487073,3583.25761438,19.822910059999998,2,0.9107142857142857,-493.0073611499997
2025-11-22T04:41:20.341734,3583.25761438,18.7625132,2,0.9107142857142857,-493.0073611499997
2025-11-22T04:41:29.894371,3583.25761438,14.67924643,2,0.9107142857142857,-493.0073611499997
2025-11-22T04:41:39.310042,3583.25761438,12.85514462,2,0.9107142857142857,-493.0073611499997
2025-11-22T04:41:48.817319,3583.25761438,13.39872447,2,0.9107142857142857,-493.0073611499997
2025-11-22T04:41:58.917309,3583.25761438,13.62463234,2,0.9107142857142857,-493.0073611499997
2025-11-22T04:42:08.212166,3583.25761438,14.03275266,2,0.9107142857142857,-493.0073611499997
2025-11-22T04:42:18.757840,3583.25761438,14.020621559999999,2,0.9107142857142857,-493.0073611499997
2025-11-22T04:42:28.421645,3583.25761438,13.87382896,2,0.9107142857142857,-493.0073611499997
2025-11-22T04:42:38.060297,3583.25761438,19.366116,2,0.9107142857142857,-493.0073611499997
2025-11-22T04:42:47.845870,3583.25761438,19.88162836,2,0.9107142857142857,-493.0073611499997
2025-11-22T04:42:57.362024,3583.25761438,21.03930141,2,0.9107142857142857,-493.0073611499997
2025-11-22T04:43:07.093511,3583.25761438,20.09746491,2,0.9107142857142857,-493.0073611499997
2025-11-22T04:43:16.986038,3583.25761438,20.40349852,2,0.9107142857142857,-493.0073611499997
2025-11-22T04:43:26.303263,3583.25761438,21.7697,2,0.9107142857142857,-493.0073611499997
2025-11-22T04:43:35.632503,3583.25761438,21.12098822,2,0.9107142857142857,-493.0073611499997
2025-11-22T04:43:45.021146,3583.25761438,20.747881229999997,2,0.9107142857142857,-493.0073611499997
2025-11-22T04:44:19.941179,3583.25761438,20.79830163,2,0.9107142857142857,-493.0073611499997
2025-11-22T04:44:29.572084,3583.25761438,20.56296256,2,0.9107142857142857,-493.0073611499997
2025-11-22T04:44:39.200163,3583.25761438,20.50010738,2,0.9107142857142857,-493.0073611499997
2025-11-22T04:44:48.810637,3583.25761438,20.22993846,2,0.9107142857142857,-493.0073611499997
2025-11-22T04:44:58.489042,3583.25761438,18.25875833,2,0.9285714285714286,-493.0073611499997
2025-11-22T04:45:07.885780,3583.25761438,15.54356439,2,0.9285714285714286,-493.0073611499997
2025-11-22T04:45:17.707176,3583.25761438,15.77075117,2,0.9285714285714286,-493.0073611499997
2025-11-22T04:45:27.176313,3583.25761438,15.76348463,2,0.9285714285714286,-493.0073611499997
2025-11-22T04:45:36.375709,3583.25761438,15.828020989999999,2,0.9285714285714286,-493.0073611499997
2025-11-22T04:45:45.988532,3583.25761438,15.60624711,2,0.9285714285714286,-493.0073611499997
2025-11-22T04:45:55.767459,3583.25761438,15.773378730000001,2,0.9285714285714286,-493.0073611499997
2025-11-22T04:46:05.623820,3583.25761438,17.411143329999998,2,0.9285714285714286,-493.0073611499997
2025-11-22T04:46:15.380088,3583.25761438,17.283317189999998,2,0.9285714285714286,-493.0073611499997
2025-11-22T04:46:25.054981,3583.25761438,17.567899999999998,2,0.9285714285714286,-493.0073611499997
2025-11-22T04:46:34.414127,3583.25761438,17.570999999999998,2,0.9285714285714286,-493.0073611499997
2025-11-22T04:46:44.285693,3583.25761438,19.139,2,0.9285714285714286,-493.0073611499997
2025-11-22T04:46:54.336525,3583.25761438,18.99906146,2,0.9285714285714286,-493.0073611499997
2025-11-22T04:47:04.046577,3583.25761438,22.08651445,2,0.9285714285714286,-493.0073611499997
2025-11-22T04:47:33.136158,3583.25761438,17.43383215,2,0.9285714285714286,-493.0073611499997
2025-11-22T04:47:42.681835,3583.25761438,17.4191,2,0.9285714285714286,-493.0073611499997
2025-11-22T04:47:52.343498,3583.25761438,17.756999999999998,2,0.9285714285714286,-493.0073611499997
2025-11-22T04:48:02.101359,3583.25761438,19.12187691,2,0.9285714285714286,-493.0073611499997
2025-11-22T04:48:11.540524,3583.25761438,21.65858153,2,0.9285714285714286,-493.0073611499997
2025-11-22T04:48:21.389683,3583.25761438,21.761000000000003,2,0.9285714285714286,-493.0073611499997
2025-11-22T04:48:30.621773,3583.25761438,20.80843941,2,0.9285714285714286,-493.0073611499997
2025-11-22T04:48:39.867578,3583.25761438,21.823863170000003,2,0.9285714285714286,-493.0073611499997
2025-11-22T04:48:49.146305,3583.25761438,19.03080507,2,0.9285714285714286,-493.0073611499997
2025-11-22T04:48:58.768901,3583.25761438,18.93318838,2,0.9285714285714286,-493.0073611499997
2025-11-22T04:49:07.924450,3583.25761438,16.844526039999998,2,0.9285714285714286,-493.0073611499997
2025-11-22T04:49:17.232502,3583.25761438,13.84447021,2,0.9285714285714286,-493.0073611499997
2025-11-22T04:49:26.529045,3583.25761438,12.92137999,2,0.9285714285714286,-493.0073611499997
2025-11-22T04:49:36.086514,3583.25761438,11.261669170000001,2,0.9285714285714286,-493.0073611499997
2025-11-22T04:49:45.469301,3583.25761438,11.56409132,2,0.9285714285714286,-493.0073611499997
2025-11-22T04:49:54.864298,3583.25761438,10.719372589999999,2,0.9285714285714286,-493.0073611499997
2025-11-22T04:50:04.448177,3583.25761438,9.94082555,2,0.9285714285714286,-493.0073611499997
2025-11-22T04:50:13.927985,3583.25761438,11.8688,2,0.9285714285714286,-493.0073611499997
2025-11-22T04:50:23.201472,3583.25761438,11.70343562,2,0.9285714285714286,-493.0073611499997
2025-11-22T04:50:32.449785,3583.25761438,12.6897,2,0.9285714285714286,-493.0073611499997
2025-11-22T04:50:42.253559,3583.25761438,12.6897,2,0.9285714285714286,-493.0073611499997
2025-11-22T04:50:51.724950,3583.25761438,12.41349515,2,0.9285714285714286,-493.0073611499997
2025-11-22T04:51:00.944817,3583.25761438,13.64802529,2,0.9285714285714286,-493.0073611499997
2025-11-22T04:51:10.605130,3583.25761438,17.39028724,2,0.9285714285714286,-493.0073611499997
2025-11-22T04:51:20.147599,3583.25761438,18.615099999999998,2,0.9285714285714286,-493.0073611499997
2025-11-22T04:51:30.154903,3583.25761438,19.32164895,2,0.9285714285714286,-493.0073611499997
2025-11-22T04:51:39.926970,3583.25761438,18.69509914,2,0.9285714285714286,-493.0073611499997
2025-11-22T04:52:11.903779,3583.25761438,18.08464207,3,0.9285714285714286,-493.0073611499997
2025-11-22T04:52:21.480289,3582.18225966,18.48226873,3,0.9285714285714286,-494.0827158699999
2025-11-22T04:52:31.049263,3582.18225966,20.68561442,3,0.9285714285714286,-494.0827158699999
2025-11-22T04:52:40.567764,3582.18225966,22.8467169,3,0.9285714285714286,-494.0827158699999
2025-11-22T04:52:50.358397,3582.18225966,22.592962760000002,3,0.9285714285714286,-494.0827158699999
2025-11-22T04:52:59.980219,3582.18225966,20.864608840000002,3,0.9285714285714286,-494.0827158699999
2025-11-22T04:53:09.952998,3582.18225966,17.3442975,3,0.9285714285714286,-494.0827158699999
2025-11-22T04:53:19.840495,3582.18225966,16.97727322,3,0.9285714285714286,-494.0827158699999
2025-11-22T04:53:29.289317,3582.18225966,15.728981,3,0.9285714285714286,-494.0827158699999
2025-11-22T04:53:39.081990,3582.18225966,13.99298209,3,0.9285714285714286,-494.0827158699999
2025-11-22T04:53:54.713209,3582.18225966,13.11651781,3,0.9272727272727272,-494.0827158699999
2025-11-22T04:54:04.892705,3582.18225966,13.3626358,3,0.9285714285714286,-494.0827158699999
2025-11-22T04:54:14.954889,3582.18225966,13.67623367,3,0.9285714285714286,-494.0827158699999
2025-11-22T04:54:24.401832,3582.18225966,15.2833,3,0.9285714285714286,-494.0827158699999
2025-11-22T04:54:34.005941,3582.18225966,15.118551770000002,3,0.9285714285714286,-494.0827158699999
2025-11-22T04:54:43.589395,3582.18225966,14.5709,3,0.9285714285714286,-494.0827158699999
2025-11-22T04:54:54.742182,3582.18225966,14.596510100000001,3,0.9285714285714286,-494.0827158699999
2025-11-22T04:55:04.156179,3582.18225966,18.868168,3,0.9285714285714286,-494.0827158699999
2025-11-22T04:55:13.638951,3582.18225966,17.6281,3,0.9285714285714286,-494.0827158699999
2025-11-22T04:55:23.421594,3582.18225966,17.20851814,3,0.9285714285714286,-494.0827158699999
2025-11-22T04:55:33.139362,3582.18225966,17.86818292,3,0.9285714285714286,-494.0827158699999
2025-11-22T04:55:42.474163,3582.18225966,17.33508847,3,0.9285714285714286,-494.0827158699999
2025-11-22T04:55:52.501216,3582.18225966,17.21593471,3,0.9285714285714286,-494.0827158699999
2025-11-22T04:56:01.887044,3582.18225966,16.81250663,3,0.9285714285714286,-494.0827158699999
2025-11-22T04:56:11.543030,3582.18225966,19.16137682,3,0.9285714285714286,-494.0827158699999
2025-11-22T04:56:42.407053,3582.18225966,20.04025286,3,0.9285714285714286,-494.0827158699999
2025-11-22T04:56:52.454969,3582.18225966,20.3708842,3,0.9285714285714286,-494.0827158699999
2025-11-22T04:57:02.864592,3582.18225966,20.646222950000002,3,0.9285714285714286,-494.0827158699999
2025-11-22T04:57:15.988436,3582.18225966,21.17523078,3,0.9285714285714286,-494.0827158699999
2025-11-22T04:57:28.772127,3582.18225966,24.00388321,3,0.9285714285714286,-494.0827158699999
2025-11-22T04:57:39.532099,3582.18225966,21.98231296,3,0.9285714285714286,-494.0827158699999
2025-11-22T04:57:51.139164,3582.18225966,22.5148,3,0.9285714285714286,-494.0827158699999
2025-11-22T04:58:02.932221,3582.18225966,22.42420395,3,0.9285714285714286,-494.0827158699999
2025-11-22T04:58:16.588841,3582.18225966,19.86372417,3,0.9285714285714286,-494.0827158699999
2025-11-22T04:58:26.749131,3582.18225966,22.6264,3,0.9285714285714286,-494.0827158699999
2025-11-22T04:58:37.102416,3582.18225966,22.381733920000002,3,0.9285714285714286,-494.0827158699999
2025-11-22T04:58:47.101898,3582.18225966,20.81462916,3,0.9285714285714286,-494.0827158699999
2025-11-22T04:58:57.568066,3582.18225966,20.165184529999998,3,0.9285714285714286,-494.0827158699999
2025-11-22T04:59:08.528248,3582.18225966,21.65187289,3,0.9285714285714286,-494.0827158699999
2025-11-22T04:59:19.441633,3582.18225966,24.162100000000002,3,0.9285714285714286,-494.0827158699999
2025-11-22T04:59:31.200831,3582.18225966,24.33554307,3,0.9285714285714286,-494.0827158699999
2025-11-22T04:59:42.558929,3582.18225966,20.69602336,3,0.9285714285714286,-494.0827158699999
2025-11-22T04:59:54.004368,3582.18225966,20.36078179,3,0.9285714285714286,-494.0827158699999
2025-11-22T05:00:05.320475,3582.18225966,20.0931,3,0.9285714285714286,-494.0827158699999
2025-11-22T05:00:17.125797,3584.05529505,17.38,3,0.9285714285714286,-492.20968047999986
2025-11-22T05:00:27.960809,3584.05529505,19.543396,3,0.9285714285714286,-492.20968047999986
2025-11-22T05:00:38.891145,3584.05529505,15.71427864,3,0.9285714285714286,-492.20968047999986
2025-11-22T05:00:49.830747,3584.05529505,14.622358649999999,3,0.9285714285714286,-492.20968047999986
2025-11-22T05:01:03.295561,3584.05529505,8.92729984,3,0.9285714285714286,-492.20968047999986
2025-11-22T05:01:14.068311,3584.05529505,5.6071310599999995,3,0.9285714285714286,-492.20968047999986
2025-11-22T05:01:27.438733,3584.05529505,8.953700000000001,3,0.9285714285714286,-492.20968047999986
2025-11-22T05:01:37.831497,3584.05529505,9.850800000000001,4,0.9285714285714286,-492.20968047999986
2025-11-22T05:01:48.625797,3582.98014179,11.59,4,0.9285714285714286,-493.28483374000007
2025-11-22T05:02:00.954948,3582.98014179,11.20910171,4,0.9285714285714286,-493.28483374000007
2025-11-22T05:02:11.088637,3582.98014179,12.11465452,4,0.9285714285714286,-493.28483374000007
2025-11-22T05:02:21.565326,3582.98014179,11.26383806,4,0.9285714285714286,-493.28483374000007
2025-11-22T05:02:33.608697,3582.98014179,14.531345239999998,4,0.9285714285714286,-493.28483374000007
2025-11-22T05:02:45.179778,3582.98014179,10.99015958,4,0.9285714285714286,-493.28483374000007
2025-11-22T05:02:56.752077,3582.98014179,12.9662398,4,0.9285714285714286,-493.28483374000007
2025-11-22T05:03:08.174024,3582.98014179,8.298352620000001,5,0.9285714285714286,-493.28483374000007
2025-11-22T05:03:18.960873,3581.90531203,2.0498905000000005,5,0.9285714285714286,-494.3596634999999
2025-11-22T05:03:30.031866,3581.90531203,1.6145523700000004,5,0.9285714285714286,-494.3596634999999
2025-11-22T05:03:40.772542,3581.90531203,0.3115343600000006,5,0.9107142857142857,-494.3596634999999
2025-11-22T05:03:50.756161,3581.90531203,-1.2556250599999998,5,0.9107142857142857,-494.3596634999999
2025-11-22T05:04:01.457053,3581.90531203,-2.7600409800000008,5,0.9107142857142857,-494.3596634999999
2025-11-22T05:04:12.946172,3581.90531203,-1.5892175699999995,5,0.9107142857142857,-494.3596634999999
2025-11-22T05:04:23.919191,3581.90531203,-5.10722155,5,0.8928571428571429,-494.3596634999999
2025-11-22T05:04:34.947717,3581.90531203,-7.21624887,5,0.8928571428571429,-494.3596634999999
2025-11-22T05:04:45.598461,3581.90531203,-7.474846169999999,5,0.8928571428571429,-494.3596634999999
2025-11-22T05:04:56.270590,3581.90531203,-6.4823585999999995,5,0.8928571428571429,-494.3596634999999
2025-11-22T05:05:07.289997,3581.90531203,-2.4347559000000003,5,0.8928571428571429,-494.3596634999999
2025-11-22T05:05:17.630758,3581.90531203,-1.5319000000000007,5,0.8928571428571429,-494.3596634999999
2025-11-22T05:05:28.568557,3581.90531203,0.34500000000000053,5,0.8928571428571429,-494.3596634999999
2025-11-22T05:18:38.096031,3581.90531203,-17.49393664,5,0.6730769230769231,-494.3596634999999
2025-11-22T05:18:47.796827,3556.67254067,-3.685843310000002,5,0.6666666666666666,-519.5924348599997
2025-11-22T05:18:58.040677,3556.67254067,-7.752888669999999,6,0.6470588235294118,-519.5924348599997
2025-11-22T05:19:08.130684,3555.60558387,-2.534578409999998,6,0.66,-520.65939166
2025-11-22T05:19:18.786400,3555.60558387,19.283583290000003,7,0.64,-520.65939166
2025-11-22T05:19:30.202844,3527.59276681,40.82260374,6,0.5686274509803921,-548.6722087200001
2025-11-22T05:19:40.154693,3498.96432565,32.82681291,6,0.47058823529411764,-577.30064988
2025-11-22T05:19:49.628060,3495.07856166,32.937500979999996,6,0.46,-581.1864138699998
2025-11-22T05:19:59.384742,3495.07856166,33.99366062,6,0.42,-581.1864138699998
2025-11-22T05:20:09.336235,3495.07856166,30.98308777,6,0.4,-581.1864138699998
2025-11-22T05:20:19.143476,3495.07856166,33.24925424,6,0.36,-581.1864138699998
2025-11-22T05:20:28.681059,3495.07856166,28.97224912,6,0.28,-581.1864138699998
2025-11-22T05:20:38.637278,3495.07856166,35.5593209,6,0.28,-581.1864138699998
2025-11-22T05:20:48.302648,3495.07856166,33.92412,6,0.24,-581.1864138699998
2025-11-22T05:21:24.191814,3495.07856166,36.29154977,6,0.10714285714285714,-581.1864138699998
2025-11-22T05:21:35.027703,3473.44582577,26.50531271,7,0.07142857142857142,-602.8191497600001
2025-11-22T05:21:45.310847,3460.75069079,29.478265920000002,7,0.07142857142857142,-615.5142847399998
2025-11-22T05:21:55.258517,3459.77163218,29.62672255,7,0.07142857142857142,-616.49334335
2025-11-22T05:22:04.850448,3459.77163218,38.09528949,7,0.07142857142857142,-616.49334335
2025-11-22T05:22:14.907687,3459.77163218,47.68712326,7,0.07142857142857142,-616.49334335
2025-11-22T05:22:24.468069,3459.77163218,60.31565432,7,0.08928571428571429,-616.49334335
2025-11-22T05:22:33.863894,3459.77163218,64.73417553,7,0.08928571428571429,-616.49334335
2025-11-22T05:22:43.557711,3459.77163218,58.03909067,7,0.08928571428571429,-616.49334335
2025-11-22T05:22:53.713366,3459.77163218,45.84572472,7,0.08928571428571429,-616.49334335
2025-11-22T05:23:04.297229,3459.77163218,51.8350749,7,0.08928571428571429,-616.49334335
2025-11-22T05:23:14.105124,3459.77163218,44.32207881,7,0.08928571428571429,-616.49334335
2025-11-22T05:23:24.558787,3459.77163218,51.16638661,7,0.08928571428571429,-616.49334335
2025-11-22T05:23:34.153460,3459.77163218,56.42934188,7,0.08928571428571429,-616.49334335
2025-11-22T05:23:44.761929,3459.77163218,56.91346574,8,0.08928571428571429,-616.49334335
2025-11-22T05:23:54.846758,3459.14972297,57.65789079,8,0.08928571428571429,-617.11525256
2025-11-22T05:24:04.640796,3459.14972297,53.759401770000004,8,0.08928571428571429,-617.11525256
2025-11-22T05:24:14.374256,3459.14972297,42.68495876,8,0.08928571428571429,-617.11525256
2025-11-22T05:24:24.084679,3459.14972297,48.58874512,8,0.10714285714285714,-617.11525256
2025-11-22T05:24:33.439684,3459.14972297,44.43844677,8,0.10714285714285714,-617.11525256
2025-11-22T05:24:42.794276,3459.14972297,51.987081919999994,8,0.10714285714285714,-617.11525256
2025-11-22T05:24:52.493427,3459.14972297,54.82159876,8,0.10714285714285714,-617.11525256
2025-11-22T05:25:02.294375,3459.14972297,54.31043024,8,0.10714285714285714,-617.11525256
2025-11-22T05:25:12.070843,3459.14972297,49.695310570000004,8,0.10714285714285714,-617.11525256
2025-11-22T05:25:21.601136,3459.14972297,51.80554589,8,0.10714285714285714,-617.11525256
2025-11-22T05:25:31.249953,3459.14972297,51.21713587,8,0.10714285714285714,-617.11525256
2025-11-22T05:25:42.962075,3459.14972297,54.22521117,8,0.10714285714285714,-617.11525256
2025-11-22T05:25:52.278157,3459.14972297,68.13311761,8,0.10714285714285714,-617.11525256
2025-11-22T05:26:02.121354,3459.14972297,89.90184199,8,0.10714285714285714,-617.11525256
2025-11-22T05:26:12.236352,3459.14972297,105.12796307,8,0.10714285714285714,-617.11525256
2025-11-22T05:26:21.955731,3459.14972297,101.68246707,8,0.08928571428571429,-617.11525256
2025-11-22T05:26:31.581214,3459.14972297,101.55495621,8,0.07142857142857142,-617.11525256
2025-11-22T05:26:41.286196,3459.14972297,69.62394186,7,0.07142857142857142,-617.11525256
2025-11-22T05:26:50.946101,3484.53604905,69.79969836,7,0.07142857142857142,-591.7289264799997
2025-11-22T05:27:01.127095,3484.53604905,54.683500370000004,7,0.07142857142857142,-591.7289264799997
2025-11-22T05:27:10.987015,3484.53604905,52.37928453000001,7,0.07142857142857142,-591.7289264799997
2025-11-22T05:27:21.485714,3484.53604905,55.257771770000005,8,0.07142857142857142,-591.7289264799997
2025-11-22T05:27:32.630352,3476.95886189,57.28160153,11,0.07142857142857142,-599.3061136399997
2025-11-22T05:27:42.650556,3471.40113605,57.95191524,12,0.05357142857142857,-604.86383948
2025-11-22T05:27:53.082557,3470.65385653,74.061299,12,0.05357142857142857,-605.6111189999997
2025-11-22T05:28:39.526654,3470.65385653,71.00342952,12,0.07142857142857142,-605.6111189999997
2025-11-22T05:28:49.534901,3470.65385653,75.80452254,12,0.05454545454545454,-605.6111189999997
2025-11-22T05:28:59.342635,3470.65385653,71.70533664,12,0.05454545454545454,-605.6111189999997
2025-11-22T05:29:09.159372,3470.65385653,75.88129241,12,0.05454545454545454,-605.6111189999997
2025-11-22T05:29:18.682021,3470.65385653,74.54040395,12,0.05454545454545454,-605.6111189999997
2025-11-22T05:29:28.166166,3470.65385653,72.58111526,12,0.05454545454545454,-605.6111189999997
2025-11-22T05:29:37.621357,3470.65385653,64.59177731,12,0.05454545454545454,-605.6111189999997
2025-11-22T05:29:47.221815,3470.65385653,70.9408109,12,0.05454545454545454,-605.6111189999997
2025-11-22T05:29:56.644703,3470.65385653,65.4207172,12,0.05454545454545454,-605.6111189999997
2025-11-22T05:30:06.095834,3470.65385653,70.74171667,12,0.05454545454545454,-605.6111189999997
2025-11-22T05:30:15.892793,3470.65385653,71.93436882,12,0.03636363636363636,-605.6111189999997
2025-11-22T05:30:25.919357,3470.65385653,23.8058569,11,0.03636363636363636,-605.6111189999997
2025-11-22T05:30:35.663536,3496.57622133,32.68404227,11,0.03636363636363636,-579.6887542
2025-11-22T05:30:45.280165,3496.57622133,31.45846018,11,0.03636363636363636,-579.6887542
2025-11-22T05:30:54.768426,3496.57622133,33.44561355,11,0.03636363636363636,-579.6887542
2025-11-22T05:31:04.175423,3496.57622133,38.32292645,11,0.03636363636363636,-579.6887542
2025-11-22T05:31:13.754463,3496.57622133,46.0544241,11,0.03636363636363636,-579.6887542
2025-11-22T05:31:23.254066,3496.57622133,43.418375,11,0.03636363636363636,-579.6887542
2025-11-22T05:31:32.671313,3496.57622133,40.32122838,11,0.03636363636363636,-579.6887542
2025-11-22T05:31:43.175021,3496.57622133,47.783708,11,0.03636363636363636,-579.6887542
2025-11-22T05:31:52.510082,3496.57622133,50.3148517,11,0.03636363636363636,-579.6887542
2025-11-22T05:32:01.855214,3496.57622133,47.617793060000004,11,0.03636363636363636,-579.6887542
2025-11-22T05:32:11.620351,3496.57622133,53.558919949999996,12,0.03636363636363636,-579.6887542
2025-11-22T05:32:22.845687,3495.52725143,59.46757178,13,0.03636363636363636,-580.7377240999999
2025-11-22T05:32:32.785955,3495.47579571,89.68394225,14,0.03636363636363636,-580.7891798199998
2025-11-22T05:32:42.683615,3495.39793497,89.03385765,15,0.03636363636363636,-580.8670405600001
2025-11-22T05:32:52.327045,3495.38473977,91.55003938,16,0.03636363636363636,-580.8802357599998
2025-11-22T05:33:01.914440,3495.36779569,91.46015779,16,0.03636363636363636,-580.8971798399998
2025-11-22T05:33:20.037521,3495.36779569,95.91485645,17,0.03636363636363636,-580.8971798399998
2025-11-22T05:33:56.465896,3495.36571942,100.36704562,18,0.03636363636363636,-580.8992561099999
2025-11-22T05:34:08.299370,3494.25705854,130.05439677,19,0.03636363636363636,-582.00791699
2025-11-22T05:34:18.031167,3493.67822322,139.50948877,20,0.03636363636363636,-582.5867523100001
2025-11-22T05:34:27.355250,3493.64705741,139.92281143,20,0.03636363636363636,-582.61791812
2025-11-22T05:34:37.216356,3493.64705741,151.90066597999999,20,0.03636363636363636,-582.61791812
2025-11-22T05:34:46.888688,3493.64705741,119.91224502,20,0.03636363636363636,-582.61791812
2025-11-22T05:34:56.771994,3493.64705741,97.80641203,19,0.03636363636363636,-582.61791812
2025-11-22T05:35:08.060323,3508.43318896,102.62377848,20,0.03636363636363636,-567.8317865700001
2025-11-22T05:35:17.640765,3508.15379609,44.93800115,20,0.03636363636363636,-568.1111794399999
2025-11-22T05:35:27.124700,3508.15379609,31.80827767,20,0.03636363636363636,-568.1111794399999
2025-11-22T05:35:36.439636,3508.15379609,35.05982101,20,0.03636363636363636,-568.1111794399999
2025-11-22T05:35:45.835678,3508.15379609,45.30238187,20,0.03636363636363636,-568.1111794399999
2025-11-22T05:35:55.186999,3508.15379609,60.60715106,20,0.03636363636363636,-568.1111794399999
2025-11-22T05:36:04.681372,3508.15379609,52.56827003,20,0.03636363636363636,-568.1111794399999
2025-11-22T05:36:14.080818,3508.15379609,46.31694465,20,0.03636363636363636,-568.1111794399999
2025-11-22T05:36:23.510803,3508.15379609,45.99269357,20,0.03636363636363636,-568.1111794399999
2025-11-22T05:36:33.281030,3508.15379609,50.65507808,20,0.03636363636363636,-568.1111794399999
2025-11-22T05:36:44.637454,3508.15379609,56.94546056,20,0.03636363636363636,-568.1111794399999
2025-11-22T05:36:53.982244,3508.15379609,43.31630576,20,0.03636363636363636,-568.1111794399999
2025-11-22T05:37:03.270869,3508.15379609,52.93341698,20,0.03636363636363636,-568.1111794399999
2025-11-22T05:37:33.739825,3508.15379609,40.55564134,19,0.03636363636363636,-568.1111794399999
2025-11-22T05:37:43.133763,3511.3396601,41.491596650000005,19,0.03636363636363636,-564.92531543
2025-11-22T05:37:52.467672,3511.3396601,47.196114099999996,19,0.03636363636363636,-564.92531543
2025-11-22T05:38:01.879907,3511.3396601,51.633789400000005,19,0.03636363636363636,-564.92531543
2025-11-22T05:38:11.277716,3511.3396601,60.08528208,19,0.03636363636363636,-564.92531543
2025-11-22T05:38:20.848646,3511.3396601,71.09153028,19,0.03636363636363636,-564.92531543
2025-11-22T05:38:33.700863,3511.3396601,83.92358321,20,0.03636363636363636,-564.92531543
2025-11-22T05:39:11.224774,3511.09843968,85.15001878,20,0.03636363636363636,-565.16653585
2025-11-22T05:39:20.592256,3511.09843968,97.08428653,20,0.03636363636363636,-565.16653585
2025-11-22T05:39:29.850217,3511.09843968,109.12478850000001,20,0.03636363636363636,-565.16653585
2025-11-22T05:39:39.757907,3511.09843968,111.94123336,20,0.03636363636363636,-565.16653585
2025-11-22T05:39:49.692962,3511.09843968,100.46540189,19,0.03636363636363636,-565.16653585
2025-11-22T05:39:59.432064,3517.24834604,96.41610363,20,0.03636363636363636,-559.01662949
2025-11-22T05:40:10.795548,3516.19375281,87.41295692999999,20,0.03636363636363636,-560.0712227199997
